{"rmse_test_pred":1.5141265456877988,"recall@10":0,"_runtime":20,"precision@10":0,"git_commit":"708b335","_wandb":{"runtime":20},"ndcg@10":0,"_step":0,"_timestamp":1.756150705862678e+09,"dataset_version":"v1"}