{"_wandb":{"runtime":34},"ndcg@10":0,"rmse_test_pred":0.9193043678989637,"precision@10":0,"recall@10":0,"_step":0,"git_commit":"708b335","_runtime":34,"_timestamp":1.756147915416725e+09,"dataset_version":"v1"}