{"_step":0,"dataset_version":"v1","ndcg@10":0,"recall@10":0,"rmse_test_pred":0.5136543881344993,"precision@10":0,"git_commit":"708b335","_timestamp":1.756145516795302e+09,"_wandb":{"runtime":15},"_runtime":15}