{"git_commit":"708b335","_timestamp":1.756145500235809e+09,"ndcg@10":0,"rmse_test_pred":0.5184023878489769,"_step":0,"precision@10":0,"_wandb":{"runtime":14},"_runtime":14,"recall@10":0,"dataset_version":"v1"}