{"ndcg@10":0,"rmse_test_pred":0.8213120739089568,"_timestamp":1.756150671310283e+09,"_wandb":{"runtime":31},"git_commit":"708b335","dataset_version":"v1","_step":0,"recall@10":0,"precision@10":0,"_runtime":31}